{"count":1,"gauges":{},"self":3.8502419999999997,"total":3.8622297999999997,"children":{"AgentSendState":{"count":172,"self":0.0059962999999999995,"total":0.0069965999999999995,"children":{"CollectObservations":{"count":35,"self":0.0010003,"total":0.0010003,"children":null}}},"DecideAction":{"count":172,"self":0,"total":0,"children":null},"AgentAct":{"count":172,"self":0.0029882,"total":0.0029882,"children":null}}}