{"count":1,"gauges":{"Auto26.CumulativeReward":{"count":848,"max":1.49998,"min":-1.19993281,"value":0.99998,"weightedAverage":-0.3713972}},"self":25.7977088,"total":74.4997702,"children":{"AgentSendState":{"count":26384,"self":1.3673141,"total":4.8449197999999996,"children":{"CollectObservations":{"count":47313,"self":0.31227489999999997,"total":0.31227489999999997,"children":null},"AgentInfo.ToProto":{"count":47313,"self":0.6345309,"total":3.1653308,"children":{"GenerateSensorData":{"count":47313,"self":1.1356338,"total":2.5307999,"children":{"RayPerceptionSensor.Perceive":{"count":47313,"self":1.3951661,"total":1.3951661,"children":null}}}}}}},"DecideAction":{"count":26384,"self":42.979983999999995,"total":42.9799849,"children":null},"AgentAct":{"count":26384,"self":0.8062235,"total":0.8062235,"children":null},"AgentInfo.ToProto":{"count":848,"self":0.011989,"total":0.069934799999999991,"children":{"GenerateSensorData":{"count":848,"self":0.0209537,"total":0.0579458,"children":{"RayPerceptionSensor.Perceive":{"count":848,"self":0.0369921,"total":0.0369921,"children":null}}}}}}}