{"count":1,"gauges":{},"self":1.1820089999999999,"total":3.2378491,"children":{"AgentSendState":{"count":51,"self":0.0060098,"total":0.024995399999999997,"children":{"CollectObservations":{"count":91,"self":0.0029866,"total":0.0029866,"children":null},"AgentInfo.ToProto":{"count":91,"self":0,"total":0.015999,"children":{"GenerateSensorData":{"count":91,"self":0.0060035,"total":0.015999,"children":{"RayPerceptionSensor.Perceive":{"count":91,"self":0.0099955,"total":0.0099955,"children":null}}}}}}},"DecideAction":{"count":51,"self":2.0278456,"total":2.0278456,"children":null},"AgentAct":{"count":51,"self":0.0019990999999999997,"total":0.0019990999999999997,"children":null}}}