{"count":1,"gauges":{},"self":11.1386912,"total":11.1495619,"children":{"AgentSendState":{"count":522,"self":0.0010096,"total":0.00201,"children":{"CollectObservations":{"count":105,"self":0.0010004,"total":0.0010004,"children":null}}},"DecideAction":{"count":522,"self":0.0019831,"total":0.0019831,"children":null},"AgentAct":{"count":522,"self":0.0058944999999999996,"total":0.0058944999999999996,"children":null}}}