{"cameraMode":{"drawMode":0,"name":"Shaded","section":"Shading Mode"},"sceneLighting":false,"audioPlay":false,"sceneViewState":{"showFog":true,"showMaterialUpdate":false,"showSkybox":true,"showFlares":true,"showImageEffects":true,"showParticleSystems":true},"in2DMode":false,"pivot":{"x":0.840001106262207,"y":2.261711597442627,"z":-0.0000019073486328125},"rotation":{"x":-0.02945682406425476,"y":0.9506592154502869,"z":-0.29438725113868716,"w":-0.09494450688362122},"size":56.0672721862793,"orthographic":false}