{"cameraMode":{"drawMode":0,"name":"Shaded","section":"Shading Mode"},"sceneLighting":false,"audioPlay":false,"sceneViewState":{"showFog":true,"showMaterialUpdate":false,"showSkybox":true,"showFlares":true,"showImageEffects":true,"showParticleSystems":true},"in2DMode":false,"pivot":{"x":0.0,"y":0.8358873724937439,"z":0.012458637356758118},"rotation":{"x":-0.1866609901189804,"y":-0.025315195322036744,"z":0.004811873193830252,"w":-0.9821787476539612},"size":4.456679821014404,"orthographic":false}