{"cameraMode":{"drawMode":0,"name":"Shaded","section":"Shading Mode"},"sceneLighting":false,"audioPlay":false,"sceneViewState":{"showFog":true,"showMaterialUpdate":false,"showSkybox":true,"showFlares":true,"showImageEffects":true,"showParticleSystems":true},"in2DMode":false,"pivot":{"x":-0.7559331655502319,"y":2.626983165740967,"z":8.433232307434082},"rotation":{"x":-0.00394463399425149,"y":-0.9962085485458374,"z":0.06464911997318268,"w":-0.0598636232316494},"size":4.456679821014404,"orthographic":false}