{"cameraMode":{"drawMode":0,"name":"Shaded","section":"Shading Mode"},"sceneLighting":false,"audioPlay":false,"sceneViewState":{"showFog":true,"showMaterialUpdate":false,"showSkybox":true,"showFlares":true,"showImageEffects":true,"showParticleSystems":true},"in2DMode":false,"pivot":{"x":-57.34000015258789,"y":1.340000033378601,"z":59.029998779296878},"rotation":{"x":-0.03573465719819069,"y":0.9642411470413208,"z":-0.19076482951641084,"w":-0.18083831667900086},"size":5.309877872467041,"orthographic":false}