{"cameraMode":{"drawMode":0,"name":"Shaded","section":"Shading Mode"},"sceneLighting":false,"audioPlay":false,"sceneViewState":{"showFog":true,"showMaterialUpdate":false,"showSkybox":true,"showFlares":true,"showImageEffects":true,"showParticleSystems":true},"in2DMode":false,"pivot":{"x":4.047657489776611,"y":0.900908350944519,"z":-0.028493061661720277},"rotation":{"x":0.05974878743290901,"y":-0.7021467089653015,"z":0.05935234948992729,"w":0.7071920037269592},"size":0.6749508380889893,"orthographic":false}