{"cameraMode":{"drawMode":0,"name":"Shaded","section":"Shading Mode"},"sceneLighting":false,"audioPlay":false,"sceneViewState":{"showFog":true,"showMaterialUpdate":false,"showSkybox":true,"showFlares":true,"showImageEffects":true,"showParticleSystems":true},"in2DMode":false,"pivot":{"x":1.5299568176269532,"y":2.585775375366211,"z":5.373774528503418},"rotation":{"x":-0.1866609901189804,"y":-0.025315195322036744,"z":0.004811873193830252,"w":-0.9821787476539612},"size":3.8855912685394289,"orthographic":false}