{"cameraMode":{"drawMode":0,"name":"Shaded","section":"Shading Mode"},"sceneLighting":false,"audioPlay":false,"sceneViewState":{"showFog":true,"showMaterialUpdate":false,"showSkybox":true,"showFlares":true,"showImageEffects":true,"showParticleSystems":true},"in2DMode":false,"pivot":{"x":62.55267333984375,"y":-0.6289324164390564,"z":-5.6048126220703129},"rotation":{"x":0.07721668481826782,"y":0.8712350726127625,"z":-0.14532752335071565,"w":0.4625934362411499},"size":14.176431655883789,"orthographic":false}