{"cameraMode":{"drawMode":0,"name":"Shaded","section":"Shading Mode"},"sceneLighting":false,"audioPlay":false,"sceneViewState":{"showFog":true,"showMaterialUpdate":false,"showSkybox":true,"showFlares":true,"showImageEffects":true,"showParticleSystems":true},"in2DMode":false,"pivot":{"x":4.233155250549316,"y":24.2095890045166,"z":11.076614379882813},"rotation":{"x":0.06890943646430969,"y":-0.9241518974304199,"z":0.3184027075767517,"w":0.1998365819454193},"size":3.8855912685394289,"orthographic":false}